<?xml version="1.0" encoding="UTF-8"?>

<!DOCTYPE mapper

    PUBLIC "-//mybatis.org/DTD Mapper 3.0//EN"

    "http://mybatis.org/dtd/mybatis-3-mapper.dtd">



<mapper namespace="com.freehoon.web.board.boardMapper">



	<select id="getBoardList"
		resultType="com.freehoon.web.board.model.BoardVO">

		SELECT

		BID, CATE_CD, TITLE, CONTENT, TAG, VIEW_CNT, REG_ID, REG_DT,
		EDIT_DT

		FROM

		TBL_BOARD
		<trim prefix="WHERE" prefixOverrides="AND|OR">

			<if
				test="searchType=='title' and keyword != null and keyword != '' ">

				AND TITLE like CONCAT('%', #{keyword}, '%')

			</if>

			<if
				test="searchType=='content' and keyword != null and keyword != '' ">

				AND CONTENT like CONCAT('%', #{keyword}, '%')

			</if>

			<if
				test="searchType=='reg_id' and keyword != null and keyword != '' ">

				AND reg_id like CONCAT('%', #{keyword}, '%')

			</if>

		</trim>
		LIMIT #{startList}, #{listSize}

	</select>

	<select id="getBoardListCnt" resultType="int">

		SELECT

		count(*) as listCnt

		FROM

		TBL_BOARD
		<trim prefix="WHERE" prefixOverrides="AND|OR">

			<if test="keyword != null and keyword != '' ">

				<if test="searchType=='title'">

					AND TITLE like CONCAT('%', #{keyword}, '%')

				</if>

				<if test="searchType=='content'">

					AND CONTENT like CONCAT('%', #{keyword}, '%')

				</if>

				<if test="searchType=='reg_id'">

					AND reg_id like CONCAT('%', #{keyword}, '%')

				</if>

			</if>

		</trim>

	</select>

	<select id="getBoardContent"
		resultType="com.freehoon.web.board.model.BoardVO"
		parameterType="com.freehoon.web.board.model.BoardVO">

		SELECT

		BID, CATE_CD, TITLE, CONTENT, TAG, VIEW_CNT,
		REG_ID, REG_DT, EDIT_DT

		FROM

		TBL_BOARD

		WHERE

		BID = #{bid}

	</select>



	<insert id="insertBoard"
		parameterType="com.freehoon.web.board.model.BoardVO">

		INSERT INTO TBL_BOARD (CATE_CD, TITLE, CONTENT, TAG,
		VIEW_CNT, REG_ID, REG_DT, EDIT_DT)

		VALUES (

		"IMSI"

		, #{title}

		, #{content}

		, #{tag}

		, 0

		, #{reg_id}

		, now()

		, now()

		)

	</insert>



	<update id="updateBoard"
		parameterType="com.freehoon.web.board.model.BoardVO">

		UPDATE TBL_BOARD SET

		CATE_CD = "IMSI"

		, TITLE = #{title}

		,
		CONTENT = #{content}

		, TAG = #{tag}

		, EDIT_DT = now()

		WHERE

		BID = ${bid}

	</update>



	<delete id="deleteBoard" parameterType="int">

		DELETE FROM TBL_BOARD

		WHERE BID = #{bid}

	</delete>



	<update id="updateViewCnt"
		parameterType="com.freehoon.web.board.model.BoardVO">

		UPDATE TBL_BOARD SET

		VIEW_CNT = VIEW_CNT + 1

		WHERE

		BID =
		#{bid}

	</update>



</mapper>